session_id,work,region_label,color_family
S001,white_reference,white_board_anchor,white_reference
S002,A,paper_base,paper_substrate
S003,A,green_mid_01,green
S004,A,yellow_bright_01,yellow
S005,A,orange_mid_01,red_orange
S006,A,gray_mid_01,gray_light
S007,A,gray_dark_01,gray_dark
S008,B,paper_white,paper_substrate
S009,B,green_mid_01,green
S010,B,magenta_dark_01,purple
S011,B,orange_mid_01,red_orange
S012,B,yellow_bright_01,yellow
S013,B,green_mid_04,green
S014,B,magenta_dark_02,purple
S015,B,magenta_dark_03,purple
S016,B,orange_mid_02,red_orange
S017,B,orange_mid_03,red_orange
S018,B,yellow_bright_02,yellow
S019,B,yellow_bright_03,yellow
S020,B,green_mid_03,green
